package	version	repository	sha256	checked_against
mlumr	0.1.0.9000	https://choxos.r-universe.dev/bin/emscripten/contrib/4.6	9b3b49e46938f5998e300606121f182562acb9cd94951c75c456726bfffd06d7	SHA256
posterior	1.7.0	https://repo.r-wasm.org/bin/emscripten/contrib/4.6	0337f815498a886dcd7466e5304f3893e163ed2b84ec729e180d8fc37c4f98e6	MD5sum
jsonlite	2.0.0	https://repo.r-wasm.org/bin/emscripten/contrib/4.6	35df0622339690661adc69521caab76a7b54e3a2f39b4b0d53832d2be3ccd5ea	MD5sum
codetools	0.2-20	https://repo.r-wasm.org/bin/emscripten/contrib/4.6	36b3c58993dffe36937ff8470b2d185f9f6588412605ca0709fc95d970ce5014	MD5sum
detectseparation	0.4.0	https://repo.r-wasm.org/bin/emscripten/contrib/4.6	78ef6879a8c7c4b1f896049aaa826ab25837ed967ebd8b49ff1672c9499e2aaa	MD5sum
knitr	1.51	https://repo.r-wasm.org/bin/emscripten/contrib/4.6	7d57e59b70cd6579127fb5e1e248dba26b13e9771af20dd8d6ad670e1bea8ddc	MD5sum
ggsurvfit	1.2.0	https://repo.r-wasm.org/bin/emscripten/contrib/4.6	23ca86aef258a1e747cb59d79e97f1317e522b44369710aee3aca033f463c101	MD5sum
flexsurv	2.3.2	https://repo.r-wasm.org/bin/emscripten/contrib/4.6	4d7f23811f0cae55f9fbe2e23a1b891a8691bb2d896f312e857f421a93b85e21	MD5sum
bayesplot	1.15.0	https://repo.r-wasm.org/bin/emscripten/contrib/4.6	33006896a0143641ce5204115a3b3494375f83f115978aa1a0fbf350171efc4b	MD5sum
loo	2.9.0	https://repo.r-wasm.org/bin/emscripten/contrib/4.6	b30f7edc795f20814f8f5feba72c2da2a1470b4f0fb6774401f3da8ef980a449	MD5sum
multinma	0.9.1	https://cran.r-universe.dev/bin/emscripten/contrib/4.6	ff6acdd6c5038f71fd47a1b873f8e42f29340957b36734e839acc57bbb97c4fc	SHA256
Rcpp	1.1.2	https://cran.r-universe.dev/bin/emscripten/contrib/4.6	06df4081ad84eedb874bffe6b2042c46c1cefb79493206f48a91c53ebb9dd976	SHA256
RcppParallel	6.2.1	https://cran.r-universe.dev/bin/emscripten/contrib/4.6	fea27d022eb249fcda32c4b82c548e991ab75cc4020deaf5d1b7fea6eccc263a	SHA256
rstan	2.32.7	https://cran.r-universe.dev/bin/emscripten/contrib/4.6	4db35c2fd5d0c2956bf2402812172346a708d89eb6e4f58397f7f90a16d55d7b	SHA256
rstantools	2.7.1	https://cran.r-universe.dev/bin/emscripten/contrib/4.6	edc90c06b4c0668be14f5981a775561e868f92b2393e66bd9677b6ac83441678	SHA256
randtoolbox	2.0.5	https://repo.r-wasm.org/bin/emscripten/contrib/4.6	7d95087caecb2edee92f325e85f099efa445ea553fb9369fdf84d10cbb7bbbac	MD5sum
survival	3.8-6	https://repo.r-wasm.org/bin/emscripten/contrib/4.6	925e35820900c4c0f1762dee8b0fac59d69dee33e597d2de8bc7724d075507ba	MD5sum
splines2	0.5.4	https://repo.r-wasm.org/bin/emscripten/contrib/4.6	35246e38f664438a968b36f085fe6422eecc8dd4c425c7285eb604b3212b9d75	MD5sum
ggplot2	4.0.3	https://repo.r-wasm.org/bin/emscripten/contrib/4.6	1a299608d88c92d5741666229c1125848e4c210b0624ebd0012af97957976ae6	MD5sum
abind	1.4-8	https://repo.r-wasm.org/bin/emscripten/contrib/4.6	a36034ed857449005e0ada292afa6d059bf963ff89402190dd38fd756d2c3bb2	MD5sum
checkmate	2.3.4	https://repo.r-wasm.org/bin/emscripten/contrib/4.6	43b0f7af102279728691a8d428665833c6f95372dbb6846e8b211e3d4e336111	MD5sum
rlang	1.2.0	https://repo.r-wasm.org/bin/emscripten/contrib/4.6	6e8cf0cfedf6238f14dd588f44aabb0654da0883dc2dbb7f96e4a718170a1eb4	MD5sum
tibble	3.3.1	https://repo.r-wasm.org/bin/emscripten/contrib/4.6	b7f65a179045923b66d9e749aac9c9183b32eef1c4b1a7242eb889f07b948578	MD5sum
vctrs	0.7.3	https://repo.r-wasm.org/bin/emscripten/contrib/4.6	42cc19d325e7de2160490273d97099049f261e8b6c3e6736391d96e43923798d	MD5sum
tensorA	0.36.2.1	https://repo.r-wasm.org/bin/emscripten/contrib/4.6	694b7eaf1cd86e8645a2aeb5278f2d35b5323df8b2cc9719614a003c3d22f2d5	MD5sum
pillar	1.11.1	https://repo.r-wasm.org/bin/emscripten/contrib/4.6	40c9fcfbfd39a0aa3e7ea784b73abcd7a0a1d4677628bb394ab0c56a0aad9be6	MD5sum
distributional	0.7.0	https://repo.r-wasm.org/bin/emscripten/contrib/4.6	47901e850c48d14202c8f22813a606005e15b03e06615aa37d6cf4e69a8486ac	MD5sum
matrixStats	1.5.0	https://repo.r-wasm.org/bin/emscripten/contrib/4.6	37ada017bc761db8df0466d5f7e44e0e1b1fc1347f4bf17d50bec83ae080c0f6	MD5sum
ROI	1.0-2	https://repo.r-wasm.org/bin/emscripten/contrib/4.6	ee51cf8a1896ce90f8640c8bb4d0624cf76ba6944b7ca9a83d631e5398fd2c9b	MD5sum
ROI.plugin.lpsolve	1.0-2	https://repo.r-wasm.org/bin/emscripten/contrib/4.6	26e8d3f9a0714cb15a416c151910ab5cc91de57d0bb712e5957833a0aee2b98e	MD5sum
lpSolveAPI	5.5.2.0-17.15	https://repo.r-wasm.org/bin/emscripten/contrib/4.6	c475d37be6513ea345ea548da1041c7bbad7f5307b39d5b55797231c2c416890	MD5sum
pkgload	1.5.2	https://repo.r-wasm.org/bin/emscripten/contrib/4.6	8f7adca53c6f6849c52e6772d0f29b282cb964836ad37495517fda9b31c37a1c	MD5sum
evaluate	1.0.5	https://repo.r-wasm.org/bin/emscripten/contrib/4.6	78e951393968c4d2298d9ea380bb06ab31f037dc9eaf74fac9b59a77c3801c3c	MD5sum
highr	0.12	https://repo.r-wasm.org/bin/emscripten/contrib/4.6	007f33651dca953ffa35db7362776aa8a00993c6f3986c46cfdc2e0759581871	MD5sum
xfun	0.57	https://repo.r-wasm.org/bin/emscripten/contrib/4.6	7d71d024f74f8fc8529d4ffeb74be06ea83f7d2927a391eee435df62c925cc1e	MD5sum
yaml	2.3.12	https://repo.r-wasm.org/bin/emscripten/contrib/4.6	027e4bd87fcd16d0ba744dd41c51e2eb711c07d873f6050e65c8daf454d74f13	MD5sum
broom	1.0.13	https://repo.r-wasm.org/bin/emscripten/contrib/4.6	5e9c62e1a56a8a20dd80806e9c9771bf741f3097b616d6165458966863b4cfa7	MD5sum
cli	3.6.6	https://repo.r-wasm.org/bin/emscripten/contrib/4.6	efa9c2b12c2da09cccb0a27d2e7a079ebd4c38fc1d03560d599f7634eb7f9932	MD5sum
dplyr	1.2.1	https://repo.r-wasm.org/bin/emscripten/contrib/4.6	58c606c81e4539318c705f6d40a640b4cc9121e60aac3e3632d0029cf6841d08	MD5sum
glue	1.8.1	https://repo.r-wasm.org/bin/emscripten/contrib/4.6	3b025aa5fd067ad9b87fecd219e561d4537d488b33581af8beabe2b06024d44d	MD5sum
gtable	0.3.6	https://repo.r-wasm.org/bin/emscripten/contrib/4.6	dae6408ed2ed1d759e50c5fb7e45f81348ff3f4f914cb418ac12bdeaae2ee80b	MD5sum
patchwork	1.3.2	https://repo.r-wasm.org/bin/emscripten/contrib/4.6	729f2264553e2bf8d4ba035b3ef6fe80c500861bdf79e9ba06fdcbc846f3897f	MD5sum
tidyr	1.3.2	https://repo.r-wasm.org/bin/emscripten/contrib/4.6	78ce1111b32640d981f9e5ff92095c7b3d21fb7ef1a39238fb1643f3359ace95	MD5sum
assertthat	0.2.1	https://repo.r-wasm.org/bin/emscripten/contrib/4.6	b39600da05aaa4b3ae00208d70f981e16b9171202299bfa1c90ae68b4f7717ee	MD5sum
deSolve	1.42	https://cran.r-universe.dev/bin/emscripten/contrib/4.6	892d0a109ccf7b843b9b8b372b7b8e162051f5379ea41105485b4d36d3905889	SHA256
generics	0.1.4	https://repo.r-wasm.org/bin/emscripten/contrib/4.6	a9c7ca26beaef02a95fb0c971a9a1a5b8e09db3d99baf17796537d2bf9a396bc	MD5sum
magrittr	2.0.5	https://repo.r-wasm.org/bin/emscripten/contrib/4.6	ff7c81a6839f611a9a7d16b2e03ba6e99859992128012f8e9d3d7a8ef1ad5588	MD5sum
mstate	0.3.3	https://repo.r-wasm.org/bin/emscripten/contrib/4.6	3ed34ba391752213c84a539c4d11a3c7748f899dde10815666600717a5e67e50	MD5sum
Matrix	1.7-5	https://repo.r-wasm.org/bin/emscripten/contrib/4.6	52f76ce63e3421b0a0381d8983e7f18bebf492ddf5dde71f57a50ee4d27782d8	MD5sum
muhaz	1.2.6.5	https://cran.r-universe.dev/bin/emscripten/contrib/4.6	197b4163898ba9756ede49c8fd7a883e780bdb639c779b559bb4de17291b2f77	SHA256
mvtnorm	1.2-4	https://repo.r-wasm.org/bin/emscripten/contrib/4.6	ae2c5c562144af25eabce27ebaba8f80767c104a28d9977599cf19f1efa9df45	MD5sum
numDeriv	2016.8-1.1	https://repo.r-wasm.org/bin/emscripten/contrib/4.6	f5161c0658fcd60e45e70ffe83e2976b182128dcd5c9e4d0fb2a1466bf38a5c6	MD5sum
quadprog	1.5-8	https://repo.r-wasm.org/bin/emscripten/contrib/4.6	083c85ecac583b8f287ca9b76bc559a1663f872d0cede3474c992e77c28a29b8	MD5sum
rstpm2	1.7.1	https://repo.r-wasm.org/bin/emscripten/contrib/4.6	c46dabb8c66e946e01ff3e623fa954a88fdc5f2a89e1c7acacdcb3183833a136	MD5sum
purrr	1.2.2	https://repo.r-wasm.org/bin/emscripten/contrib/4.6	bd87e3e08ace87d8d6be7a47f4d2620843f15beb2f6e54f28eb90b1bdbb731e0	MD5sum
statmod	1.5.2	https://repo.r-wasm.org/bin/emscripten/contrib/4.6	9391546e8e5959c61b48c43e0d9dc92afbbc0198fa3681b611849b440cf4da02	MD5sum
tidyselect	1.2.1	https://repo.r-wasm.org/bin/emscripten/contrib/4.6	df3668720dcce42a097cdef7e92d344dfd069a913647cbc1c0fa19ed0704285b	MD5sum
ggridges	0.5.7	https://repo.r-wasm.org/bin/emscripten/contrib/4.6	2b58e2284b5bf2c892fecaf57c9fce1c76ae3e4d758c409e4c5ab9683f3acaf6	MD5sum
reshape2	1.4.5	https://repo.r-wasm.org/bin/emscripten/contrib/4.6	df72e0d424f32d9518b382a187da65d78394537eb4fb1fcb2f597429c0d9ea71	MD5sum
Rdpack	2.6.6	https://repo.r-wasm.org/bin/emscripten/contrib/4.6	98a070922d7ffc9036152a73f8a0e5feb0915105b3384eb6f777eb2235f7baf0	MD5sum
forcats	1.0.1	https://repo.r-wasm.org/bin/emscripten/contrib/4.6	80a463ce801987ea71e36df19d0296fd136fce08e913011eca023a18539a8bfa	MD5sum
copula	1.1-7	https://repo.r-wasm.org/bin/emscripten/contrib/4.6	bf996eaa3df453297af2e53bdb674af8c4aedf8b8e0fff1442f7cc464ce101a0	MD5sum
stringr	1.6.0	https://repo.r-wasm.org/bin/emscripten/contrib/4.6	be6e72ef1c8ddecbf44aa42a7ba7c7a333645e218ab57f92992a8a5b7a4030f3	MD5sum
igraph	2.3.1	https://repo.r-wasm.org/bin/emscripten/contrib/4.6	d9f6b089024adb93eb01d715624ce61a7d02e2a2c06a4ede9d28936586f5b66c	MD5sum
ggraph	2.2.2	https://repo.r-wasm.org/bin/emscripten/contrib/4.6	b7b8d7e6b218ffd1bc1d77dc03736f00ac58ee2455263b61320249ab8b7446ba	MD5sum
ggdist	3.3.3	https://repo.r-wasm.org/bin/emscripten/contrib/4.6	3c33ecbac100525d55d98c4dfd7fc98c8ed2dc886b7c918c7840e5bca9071871	MD5sum
truncdist	1.0-2	https://repo.r-wasm.org/bin/emscripten/contrib/4.6	9810e30d48437b7eb1dee01ec088b2fd9ca1af79f89f2e6dc4ab6746f1157195	MD5sum
StanHeaders	2.39.1	https://cran.r-universe.dev/bin/emscripten/contrib/4.6	9853c36d827313544da8cb2d383cda4bd89463e697a97702f6f2193ed17e92bf	SHA256
inline	0.3.21	https://repo.r-wasm.org/bin/emscripten/contrib/4.6	e1bb1df4a3cd03582bc622d5c8b2b496a98f610851a7ea6a8c225b4431b7a71c	MD5sum
gridExtra	2.3	https://repo.r-wasm.org/bin/emscripten/contrib/4.6	c6978085e5e5051ceb240828f591bf6272ccc2f550f090434965a72af27b1431	MD5sum
pkgbuild	1.4.8	https://repo.r-wasm.org/bin/emscripten/contrib/4.6	0c3fcdc7578c7636676b749f13079c4fb512256e899ef78873d9501f4856ebaf	MD5sum
QuickJSR	1.10.0	https://repo.r-wasm.org/bin/emscripten/contrib/4.6	7e0e3edc6dcb7c30ce93910be5298db15bfbdc5aa83ebe5341d93594f3f4133d	MD5sum
desc	1.4.3	https://repo.r-wasm.org/bin/emscripten/contrib/4.6	eb8fce0f98688243ae0a28cc8ecc402d49aa728a94d63fc371dd638372e9c0fa	MD5sum
rngWELL	0.10-10	https://repo.r-wasm.org/bin/emscripten/contrib/4.6	14ee9302cf83acef5220e57d48ede518d9a8d1e4f53738c649b17f5267f644a7	MD5sum
isoband	0.3.0	https://repo.r-wasm.org/bin/emscripten/contrib/4.6	bc7494f286084e8861331256df0f6ab27e519e1797e807ec100db1116d3e7a8e	MD5sum
lifecycle	1.0.5	https://repo.r-wasm.org/bin/emscripten/contrib/4.6	c2f8c5905f58b4526c3b68c6163f891b9a12f81d7e50347ad49a70b1f6592527	MD5sum
S7	0.2.2	https://repo.r-wasm.org/bin/emscripten/contrib/4.6	76b7d1dcbab977c592a2d951a07336f509243c34fa0d56f6c2c56f2b71c3aec4	MD5sum
scales	1.4.0	https://repo.r-wasm.org/bin/emscripten/contrib/4.6	1e3fd9c44c6bba3ea2911ee8a2ee9a8cf5a47013a2ca6db8862cb10a1512ba96	MD5sum
withr	3.0.2	https://repo.r-wasm.org/bin/emscripten/contrib/4.6	60dce3c8fa7b42a81a05d99c675fd82c57b8d2dca7233a6ba7d1ee543707b21c	MD5sum
backports	1.5.1	https://repo.r-wasm.org/bin/emscripten/contrib/4.6	5d69010c0f924e56e2ee1f9caff212ac351b2a00f821f97ca48b2e4c5d926fa8	MD5sum
pkgconfig	2.0.3	https://repo.r-wasm.org/bin/emscripten/contrib/4.6	fc97bdb16f209e9e79fc8e64234a1bb1263035f5f244ea8b748885b28e3c5d97	MD5sum
utf8	1.2.6	https://repo.r-wasm.org/bin/emscripten/contrib/4.6	51702a5960a8e85bca8a9064c37ec2f006f9f2655b1e8f35b7c6ef18362340c3	MD5sum
registry	0.5-1	https://repo.r-wasm.org/bin/emscripten/contrib/4.6	c039358c2654c37ec5d07b0352d013289569f4fb859972ea932fb3cbccfcee1d	MD5sum
slam	0.1-55	https://repo.r-wasm.org/bin/emscripten/contrib/4.6	c83a843824c84b6072743e2ec6eff5b4991cdbe6c93f2998ecc0726c0e28f03e	MD5sum
fs	2.1.0	https://repo.r-wasm.org/bin/emscripten/contrib/4.6	c5c986963981c09e40a50cd4ff3b1cc98f2f7758880f7fcc91a71855a96c9d9b	MD5sum
processx	3.9.0	https://repo.r-wasm.org/bin/emscripten/contrib/4.6	c994d967a7daf02b3a1fc816cf7e2cc58520b7e887b1fa11d83f878ed79dccbc	MD5sum
rprojroot	2.1.1	https://repo.r-wasm.org/bin/emscripten/contrib/4.6	ed74ec20e04afbc9ae96ac61b3503801f52e93adbe32f71b3122a63463190a0f	MD5sum
R6	2.6.1	https://repo.r-wasm.org/bin/emscripten/contrib/4.6	134d30277b1c64afe9ae31a4a52857822bc21d32db46479eb3ea2f3a7397c8d6	MD5sum
farver	2.1.2	https://repo.r-wasm.org/bin/emscripten/contrib/4.6	f7555f2c1926f88d431ff1919c81cff48ff6eadc09de4471610312695be6cea8	MD5sum
data.table	1.18.4	https://repo.r-wasm.org/bin/emscripten/contrib/4.6	88e7c74d4ba23e2b48c492b230e452c2daed9e190ead0f606e27e497b936fe81	MD5sum
lattice	0.22-9	https://repo.r-wasm.org/bin/emscripten/contrib/4.6	2797c655d7bd06c7bd212a6dd6eeb1b3c672a8bac43d09a406e1a2190264f79b	MD5sum
RColorBrewer	1.1-3	https://repo.r-wasm.org/bin/emscripten/contrib/4.6	cf5564fee1b54d547dd5656afbea17e34d48f74ef97b376e495dd4e223ecafc9	MD5sum
viridisLite	0.4.3	https://repo.r-wasm.org/bin/emscripten/contrib/4.6	cbb327d9e0efe61bfa40ba89c9af3dc05fc5bd76ea69fc485ef3f64fe1785983	MD5sum
mgcv	1.9-4	https://repo.r-wasm.org/bin/emscripten/contrib/4.6	719ca805aaf34eaf142990bc9d9b81862682950d3b19ed95475212ef8e02c8da	MD5sum
bbmle	1.0.25.1	https://repo.r-wasm.org/bin/emscripten/contrib/4.6	7c1a19a706f40a5116b46b34842c9ade28f7741856a37a9ee4f9b1c1ff906169	MD5sum
fastGHQuad	1.0.1	https://repo.r-wasm.org/bin/emscripten/contrib/4.6	d89ecdd04b60e53f25045ced8e3e297564d64577fdc4f8333fa17e9d4c1ba555	MD5sum
lsoda	1.2	https://repo.r-wasm.org/bin/emscripten/contrib/4.6	d0789e051d15ba434dc8ac5f78478b77e59b1fcf33c9804e515cb700e61994a1	MD5sum
plyr	1.8.9	https://repo.r-wasm.org/bin/emscripten/contrib/4.6	b93aa9ae9c9ec50447d15fbe43d1f22634aa40a7e0b750006fa7f2210860e5d9	MD5sum
rbibutils	2.4.1	https://repo.r-wasm.org/bin/emscripten/contrib/4.6	f9be998342d3075d87254c78c968a45ea018bbf9c7d7c9de8b57d4554f0f0143	MD5sum
cluster	2.1.8.2	https://repo.r-wasm.org/bin/emscripten/contrib/4.6	104eedf44b47602da5c64b36b8ef44c5e63b9a0e0916685839dfbb056734d51d	MD5sum
colorspace	2.1-2	https://repo.r-wasm.org/bin/emscripten/contrib/4.6	b2481881e899771c68ac8284d7884b2ad772f06be2be08b5ea38d47615cdcde7	MD5sum
gsl	2.1-9	https://repo.r-wasm.org/bin/emscripten/contrib/4.6	365a1150b8e55f25cdb88d37ab9c581ca48e96ffb9a1861d27fbba4ff02c50ce	MD5sum
ADGofTest	0.3	https://repo.r-wasm.org/bin/emscripten/contrib/4.6	95c215de568595a0bdae9dd24376246367621a56a7ff9bd9aac26217de0a02d2	MD5sum
stabledist	0.7-2	https://repo.r-wasm.org/bin/emscripten/contrib/4.6	40d42fadffa21bf9d7b920fce4db4dee7257eebaaaaece05bdf53dec0f595a9c	MD5sum
pcaPP	2.0-5	https://repo.r-wasm.org/bin/emscripten/contrib/4.6	6702fc56da6a3be346889aadaa3346e9af4b94475c7d2a00e7b45db00842fab5	MD5sum
pspline	1.0-21	https://repo.r-wasm.org/bin/emscripten/contrib/4.6	958aaae39858fb8d5f6fa15f8542148fc82afca93fba1cec91492927804ef30d	MD5sum
stringi	1.8.7	https://repo.r-wasm.org/bin/emscripten/contrib/4.6	689311a42b413a58e912bea584b8f24cfed41c4831ad638a721c1c7b596e4e1a	MD5sum
ggforce	0.5.0	https://repo.r-wasm.org/bin/emscripten/contrib/4.6	6105bb69a063fb69d202e0f15e6efc93fa1befe0ac0b1ecb9f6f5dbf8741f72b	MD5sum
MASS	7.3-65	https://repo.r-wasm.org/bin/emscripten/contrib/4.6	9cb66dfbaf017f74e4408117128c04a859697ad8ff49cffad0537b2b15f0d846	MD5sum
ggrepel	0.9.8	https://repo.r-wasm.org/bin/emscripten/contrib/4.6	466f87f331047aed042e52cb0a6a4165462656a525faf790f967b743a7b9af7e	MD5sum
viridis	0.6.5	https://repo.r-wasm.org/bin/emscripten/contrib/4.6	e367950fb42eb7272e7b579c42e9fbf8ba8e69852aeb97939d4ee7767b0cab67	MD5sum
tidygraph	1.3.1	https://repo.r-wasm.org/bin/emscripten/contrib/4.6	2ee5ba0bc50ae49c5b71b5202add899444565ea735c1bc0819e1fdbaf6cd7c1b	MD5sum
graphlayouts	1.2.3	https://repo.r-wasm.org/bin/emscripten/contrib/4.6	33650932f76300180380d32003df01c478c79a84c5281ac67702842301d62907	MD5sum
memoise	2.0.1	https://repo.r-wasm.org/bin/emscripten/contrib/4.6	7da9b51e86280589539d5e3f6962fb425c06a5e1e75b60c18204e327a15c09ba	MD5sum
evd	2.3-7.1	https://repo.r-wasm.org/bin/emscripten/contrib/4.6	1339198bd145f34b8584d452bf792ad00450971961d243993018eee909ee7990	MD5sum
callr	3.7.6	https://repo.r-wasm.org/bin/emscripten/contrib/4.6	88d749851bbf9d8d1dc83de913021b77c5299d7469b045ce7ccf53cb7fed77d6	MD5sum
labeling	0.4.3	https://repo.r-wasm.org/bin/emscripten/contrib/4.6	1d89f92c8b15aee3b4f9c8c6c0e7697f79c515558c274279fddfd03a34a6d63d	MD5sum
ps	1.9.3	https://repo.r-wasm.org/bin/emscripten/contrib/4.6	ec2e4d31b380325725ccc5618ff3335c8adb451eca347ede3e30d856b56b6614	MD5sum
nlme	3.1-169	https://repo.r-wasm.org/bin/emscripten/contrib/4.6	7918af1e887b98d1162cf7a2afe63936a54ad4e87cb2f0bead665bbe101194da	MD5sum
bdsmatrix	1.3-7	https://repo.r-wasm.org/bin/emscripten/contrib/4.6	2ad03d118361de87c01198c52509c016c5c420dd959b4d3a3e7bbd5c0fe06d52	MD5sum
tweenr	2.0.3	https://repo.r-wasm.org/bin/emscripten/contrib/4.6	f1e7db2575f361ebf512792d6f4216dfa9ac1326d0838bde407fa1246908fb21	MD5sum
polyclip	1.10-7	https://repo.r-wasm.org/bin/emscripten/contrib/4.6	706d068464d0491b2f4d203733456c43538461b9acd58cf05b6d8fb5818aed91	MD5sum
systemfonts	1.3.2	https://repo.r-wasm.org/bin/emscripten/contrib/4.6	1bcd9d5253dcc82638201ed877f5a3aad6cb93a39dd7b357ca99e42cba25c730	MD5sum
cachem	1.1.0	https://repo.r-wasm.org/bin/emscripten/contrib/4.6	7969192f9f44370ed4623bf70a41d24d6945a29309c136f41de4a80b979e02db	MD5sum
base64enc	0.1-6	https://repo.r-wasm.org/bin/emscripten/contrib/4.6	653b7f3d1b17d33e5a502cf28a64a70e1a19a8784ca021e1d4a493ad28c5751a	MD5sum
fastmap	1.2.0	https://repo.r-wasm.org/bin/emscripten/contrib/4.6	36e93325b3dcd5ee530f7c0b50591d76d2f1ea1f097f5df559eb5f2a198c7894	MD5sum
