"scenario_id","scenario_name","sample_size","effect_modification","population_imbalance","covariate_correlation_index","covariate_correlation_comparator","covariate_type","population","lor","p_A","p_B","rd","log_rr"
1,"n150_emnone_imblow_corI0.5_corC0.5_bin",150,"none","low",0.5,0.5,"binary","index",0.538656416890627,0.354119089243829,0.242386777916962,0.111732311326867,0.379098560693565
1,"n150_emnone_imblow_corI0.5_corC0.5_bin",150,"none","low",0.5,0.5,"binary","comparator",0.556710926967356,0.476489034933801,0.342803831676072,0.13368520325773,0.329286346902097
2,"n150_emweak_imblow_corI0.5_corC0.5_bin",150,"weak","low",0.5,0.5,"binary","index",0.475891701479276,0.354119089243829,0.254098119815612,0.100020969428217,0.331912775942672
2,"n150_emweak_imblow_corI0.5_corC0.5_bin",150,"weak","low",0.5,0.5,"binary","comparator",0.518949185660015,0.476489034933801,0.351360928511674,0.125128106422127,0.304630729648416
3,"n150_emstro_imblow_corI0.5_corC0.5_bin",150,"strong","low",0.5,0.5,"binary","index",0.220676003238336,0.354119089243829,0.30541185252108,0.0487072367227488,0.147972064995652
3,"n150_emstro_imblow_corI0.5_corC0.5_bin",150,"strong","low",0.5,0.5,"binary","comparator",0.360615207666814,0.476489034933801,0.388237119330387,0.0882519156034146,0.204828425895268
4,"n150_emnone_imbhig_corI0.5_corC0.5_bin",150,"none","high",0.5,0.5,"binary","index",0.573246635658355,0.234577024093218,0.147305681203876,0.0872713428893423,0.465274103248607
4,"n150_emnone_imbhig_corI0.5_corC0.5_bin",150,"none","high",0.5,0.5,"binary","comparator",0.619003596720153,0.601688018528218,0.44855764719743,0.153130371330788,0.293701862760973
5,"n150_emweak_imbhig_corI0.5_corC0.5_bin",150,"weak","high",0.5,0.5,"binary","index",0.464287994320245,0.234577024093218,0.161523949856455,0.0730530742367628,0.373130566914035
5,"n150_emweak_imbhig_corI0.5_corC0.5_bin",150,"weak","high",0.5,0.5,"binary","comparator",0.599796515202941,0.601688018528218,0.453313142082623,0.148374876445595,0.283155919781279
6,"n150_emstro_imbhig_corI0.5_corC0.5_bin",150,"strong","high",0.5,0.5,"binary","index",0.0542786561491462,0.234577024093218,0.224971992287041,0.00960503180617761,0.0418080791746982
6,"n150_emstro_imbhig_corI0.5_corC0.5_bin",150,"strong","high",0.5,0.5,"binary","comparator",0.518809993483331,0.601688018528218,0.473448376585718,0.1282396419425,0.239696187807427
7,"n150_emnone_imblow_corI0.5_corC0.25_bin",150,"none","low",0.5,0.25,"binary","index",0.538656416890627,0.354119089243829,0.242386777916962,0.111732311326867,0.379098560693565
7,"n150_emnone_imblow_corI0.5_corC0.25_bin",150,"none","low",0.5,0.25,"binary","comparator",0.578249088138183,0.471615002056413,0.333608032278486,0.138006969777927,0.346196231365404
8,"n150_emweak_imblow_corI0.5_corC0.25_bin",150,"weak","low",0.5,0.25,"binary","index",0.475891701479276,0.354119089243829,0.254098119815612,0.100020969428217,0.331912775942672
8,"n150_emweak_imblow_corI0.5_corC0.25_bin",150,"weak","low",0.5,0.25,"binary","comparator",0.535046239914099,0.471615002056413,0.343280646064724,0.128334355991689,0.31761465641777
9,"n150_emstro_imblow_corI0.5_corC0.25_bin",150,"strong","low",0.5,0.25,"binary","index",0.220676003238336,0.354119089243829,0.30541185252108,0.0487072367227488,0.147972064995652
9,"n150_emstro_imblow_corI0.5_corC0.25_bin",150,"strong","low",0.5,0.25,"binary","comparator",0.358409542720864,0.471615002056413,0.38412600686883,0.0874889951875828,0.205192337485333
10,"n150_emnone_imbhig_corI0.5_corC0.25_bin",150,"none","high",0.5,0.25,"binary","index",0.573246635658355,0.234577024093218,0.147305681203876,0.0872713428893423,0.465274103248607
10,"n150_emnone_imbhig_corI0.5_corC0.25_bin",150,"none","high",0.5,0.25,"binary","comparator",0.630161327567105,0.598473584282155,0.442492543696924,0.155981040585232,0.301958773582648
11,"n150_emweak_imbhig_corI0.5_corC0.25_bin",150,"weak","high",0.5,0.25,"binary","index",0.464287994320245,0.234577024093218,0.161523949856455,0.0730530742367628,0.373130566914035
11,"n150_emweak_imbhig_corI0.5_corC0.25_bin",150,"weak","high",0.5,0.25,"binary","comparator",0.60792940542038,0.598473584282155,0.447983795275804,0.150489789006351,0.289625326984807
12,"n150_emstro_imbhig_corI0.5_corC0.25_bin",150,"strong","high",0.5,0.25,"binary","index",0.0542786561491462,0.234577024093218,0.224971992287041,0.00960503180617761,0.0418080791746982
12,"n150_emstro_imbhig_corI0.5_corC0.25_bin",150,"strong","high",0.5,0.25,"binary","comparator",0.516295217341614,0.598473584282155,0.470736942067876,0.127736642214279,0.240082958904319
