"sample_size","effect_modification","population_imbalance","covariate_correlation_index","covariate_correlation_comparator","covariate_type","n_covariates","scenario_id","scenario_name"
150,"none","low",0.5,0.5,"binary",2,1,"n150_emnone_imblow_corI0.5_corC0.5_bin"
150,"weak","low",0.5,0.5,"binary",2,2,"n150_emweak_imblow_corI0.5_corC0.5_bin"
150,"strong","low",0.5,0.5,"binary",2,3,"n150_emstro_imblow_corI0.5_corC0.5_bin"
150,"none","high",0.5,0.5,"binary",2,4,"n150_emnone_imbhig_corI0.5_corC0.5_bin"
150,"weak","high",0.5,0.5,"binary",2,5,"n150_emweak_imbhig_corI0.5_corC0.5_bin"
150,"strong","high",0.5,0.5,"binary",2,6,"n150_emstro_imbhig_corI0.5_corC0.5_bin"
150,"none","low",0.5,0.25,"binary",2,7,"n150_emnone_imblow_corI0.5_corC0.25_bin"
150,"weak","low",0.5,0.25,"binary",2,8,"n150_emweak_imblow_corI0.5_corC0.25_bin"
150,"strong","low",0.5,0.25,"binary",2,9,"n150_emstro_imblow_corI0.5_corC0.25_bin"
150,"none","high",0.5,0.25,"binary",2,10,"n150_emnone_imbhig_corI0.5_corC0.25_bin"
150,"weak","high",0.5,0.25,"binary",2,11,"n150_emweak_imbhig_corI0.5_corC0.25_bin"
150,"strong","high",0.5,0.25,"binary",2,12,"n150_emstro_imbhig_corI0.5_corC0.25_bin"
